five_digit_FIPS_code,Total People with Insurance
72047,34694
72095,11292
72111,21632
72113,146078
72131,38822
72135,74019
72137,81704
72147,8931
72151,34966
72003,39421
72025,133655
72029,46662
72041,41064
72043,39758
72051,37634
72089,18843
72019,29133
72107,21814
72129,38629
72011,27814
72037,12228
72039,17307
72045,19914
72071,43044
72073,15044
72081,27107
72085,38212
72119,50995
72127,351733
72143,37769
72145,54577
72093,6180
72009,23970
72059,19509
72077,39645
72079,23846
72121,23499
72001,18473
72027,32852
72055,17308
72067,16454
72091,40567
72103,26547
72105,29060
72125,32844
72141,30189
72013,88560
72015,18491
72033,25563
72054,12122
72065,40942
72069,54361
72075,47661
72101,31762
72097,79055
72133,22475
72139,69192
72115,24541
72057,40427
72099,37463
72049,1494
72063,46896
72123,29074
72017,24556
72087,27209
72153,37382
72061,90432
72005,54072
72023,49581
72053,32887
72083,8799
72109,17769
72117,14486
72149,23477
72007,26739
72021,182918
72031,160992
72035,45377
01099,21518
01079,33050
01081,154952
01093,29540
01107,18987
01119,12946
01073,652283
01023,13060
01059,31272
01091,19526
01113,56790
01019,25561
01039,36970
01041,13666
01047,40454
01077,91721
01085,10268
01087,19141
01083,88681
01117,207053
01115,85000
01133,23646
01003,200929
01043,80867
01051,75789
01069,103300
01071,51817
01121,77941
01125,202930
01129,16621
01027,13153
01031,49425
01103,117243
01109,33081
01021,43473
01033,53993
01037,10563
01045,46471
01065,14762
01055,102339
01049,70448
01053,34883
01075,13856
01111,22276
01013,19832
01097,406941
01035,12603
01105,9532
01127,64196
01029,14758
01063,8480
01005,23326
01007,20553
01011,10113
01015,113964
01017,33513
01025,24341
01057,16468
01101,222268
01095,93913
01009,57207
01067,16828
01089,348398
01001,54170
01123,40211
01061,26211
01131,10621
02150,13196
02068,2269
02261,9174
02122,56797
02016,5588
02060,902
02188,7689
02050,17659
02185,9677
02220,8631
02090,92924
02130,13474
02170,99208
02282,682
02180,9649
02070,4956
02100,2531
02110,31791
02164,1301
02240,6780
02290,5425
02020,286906
02013,3333
02198,6473
02275,2458
02105,2141
02230,1038
02195,3263
02158,8123
04019,987178
04013,4125142
04007,52401
04009,33658
04023,46024
04003,115099
04012,20309
04015,200916
04001,70807
04005,137820
04025,219401
04027,197418
04011,9325
04017,105552
04021,380940
05145,78113
05099,8360
05123,23288
05119,386754
05021,15054
05037,16940
05039,6944
05043,18211
05027,23566
05121,17157
05125,115077
05141,16559
05009,36790
05065,12641
05063,36603
05079,9086
05083,21550
05053,17909
05035,48739
05047,17492
05045,120096
05109,10747
05069,66984
05089,16244
05097,8922
05127,10518
05129,7837
05131,126347
05033,61510
05007,250348
05017,10332
05059,31439
05071,25958
05077,7998
05087,15829
05041,12026
05049,11923
05061,13296
05051,96780
05093,42774
05115,62737
05117,8175
05139,39634
05147,6646
05023,25022
05025,8229
05067,14320
05057,21909
05135,16863
05137,12342
05143,221806
05055,43711
05005,40681
05003,20610
05031,103216
05073,6918
05105,10209
05149,21293
05107,19349
05111,23782
05133,17064
05013,5136
05019,22138
05011,10901
05075,16483
05095,7346
05113,20081
05029,20821
05103,23997
05101,7835
05001,18112
05081,12333
05085,69999
05015,27564
05091,42566
06049,8784
06047,264519
06033,63433
06043,17489
06115,72464
06013,1118246
06027,17785
06035,21739
06099,532471
06083,435899
06097,496690
06103,62714
06025,170512
06051,13968
06069,58511
06001,1619367
06067,1480422
06017,183777
06055,139208
06073,3186685
06053,416786
06075,859959
06091,2858
06107,454868
06113,211123
06023,134525
06057,97938
06003,1203
06039,146644
06045,86720
06087,271860
06105,12863
06037,10038224
06065,2333253
06071,2070914
06085,1902184
06041,256100
06061,372281
06093,43402
06089,177505
06095,422306
06015,24226
06011,21299
06021,27636
06007,222635
06031,132483
06063,18571
06079,273626
06019,960471
06029,850055
06059,3139021
06111,841387
06009,44675
06101,94357
06081,759448
06109,50891
06077,715502
06005,33587
08023,3628
08001,484371
08021,8109
08027,4492
08035,319951
08037,53658
08065,7426
08067,54008
08081,12930
08097,17692
08105,11236
08017,2086
08011,3880
08025,4246
08033,1736
08111,569
08057,1367
08069,328531
08075,21357
08083,25595
08113,7778
08119,23535
08125,9967
08013,314665
08039,24469
08071,13582
08073,3517
08019,9149
08107,24223
08117,29644
08003,15903
08029,29167
08043,35935
08101,159796
08085,40539
08087,27764
08093,16780
08109,6320
08077,147646
08099,11900
08053,820
08041,642935
08121,4521
08049,14734
08005,620873
08089,18138
08095,4253
08007,12489
08031,672437
08061,1343
08055,6348
08009,3479
08015,17649
08047,5744
08063,7123
08045,57305
08051,16170
08059,557612
08079,834
08091,4653
08103,6445
08115,2327
08123,283372
09009,851682
09005,183145
09003,883429
09015,114975
09011,258628
09007,162181
09013,148725
09001,938998
12113,157339
08014,63952
10003,546567
10005,212852
10001,169720
12081,360684
12017,139310
12075,39408
12003,25058
12127,513218
12073,282509
12011,1878890
12079,16500
12087,74716
12033,294389
12053,177193
12057,1339107
12091,185509
12123,18413
12129,28013
12133,22045
12031,892880
12007,23490
12009,563561
12019,200260
12067,7127
12069,322861
12089,77522
12103,938695
12105,643984
12111,296498
12043,11921
12051,38293
12061,146713
12063,40961
12099,1414266
12109,224907
12117,446400
12086,2676045
12005,175626
12035,104651
12037,10009
12045,13612
12047,10897
12077,6919
12097,323420
12119,107584
12131,61322
12039,43233
12059,17661
12065,11547
12071,694456
12083,335286
12049,25591
12021,354838
12093,37383
12095,1278710
12001,257247
11001,661858
12101,492284
12041,15895
12055,99076
12121,42328
12027,33928
12013,12431
12015,169791
12023,63751
12029,14786
12085,152694
12107,71289
12115,401034
12125,9967
13061,2968
13101,4011
13127,82462
13089,730052
13143,28388
13181,7689
13157,63273
13163,15477
13169,28202
13213,39245
13215,187695
13235,9855
13241,16141
13259,3965
13281,10996
13283,6404
13287,7685
13155,8996
13003,8288
13001,18020
13005,10637
13025,18354
13313,103153
13037,4642
13193,11784
13285,68018
13021,150403
13145,32677
13197,8458
13249,5168
13321,20647
13023,12424
13093,12259
13109,10236
13119,22121
13307,2622
13103,56487
13171,18042
13125,2939
13107,21788
13239,2140
13051,277596
13179,56244
13159,13640
13167,9553
13173,9812
13195,28410
13205,20373
13253,8448
13277,40137
13289,8241
13233,41217
13263,6405
13269,8100
13273,8659
13275,44220
13279,26883
13319,9058
13017,16949
13033,22413
13047,65387
13053,6395
13055,23173
13073,139660
13087,25776
13115,94340
13117,210703
13137,41951
13147,24722
13185,108833
13191,13941
13199,21038
13207,25647
13237,21260
13261,29786
13265,1844
13301,5336
13007,3251
13029,33781
13035,20914
13043,10621
13039,48460
13045,113725
13079,12233
13099,10255
13081,22589
13069,39620
13077,137378
13067,734497
13123,29413
13083,16085
13297,87884
13317,9809
13027,15564
13091,19187
13129,55913
13105,19061
13057,234834
13113,109570
13165,8852
13177,28257
13217,104152
13227,30107
13133,16566
13071,45329
13075,17079
13085,23182
13141,6021
13063,270576
13121,1001021
13139,191800
13187,31283
13189,21098
13201,5722
13211,17838
13149,11458
13219,35778
13095,89580
13111,24327
13151,216285
13153,146927
13175,46458
13183,17064
13255,63180
13257,25619
13271,13035
13291,21757
13293,25695
13303,18795
13311,28317
13225,26928
13223,151710
13229,18993
13231,17671
13245,191995
13251,13645
13267,19121
13019,18757
13295,67252
13135,884817
13013,74958
13049,11868
13065,6688
13015,101698
13097,138979
13131,24860
13161,14911
13209,8536
13221,14503
13243,7090
13247,87695
13299,33350
13305,27735
13309,6121
13315,6829
13009,43600
13011,18359
13031,72880
13059,122682
15001,194927
15003,941301
15009,162735
15007,70326
15005,77
16071,4253
16031,23123
16045,16717
16063,5248
16085,10026
16003,3919
16041,13083
16069,39392
16053,22919
16055,148871
16061,3780
16067,20371
16083,81298
16073,11256
16013,21557
16015,6944
16021,11245
16023,2572
16029,6793
16047,15024
16001,428436
16005,82996
16007,5904
16011,45076
16019,109149
16025,886
16027,205466
16035,7535
16051,27376
16057,38531
16037,4115
16059,7680
16075,22694
16009,8966
16017,41541
16033,1055
16039,23957
16043,12337
16065,38032
16079,12327
16049,15648
16081,10776
16077,7608
16087,9863
17067,18086
17119,263563
17063,50055
17091,108546
17131,15545
17043,925989
17167,196077
17003,6642
17129,12264
17157,28914
17137,32406
17031,5192360
17141,51134
17115,105020
17177,45092
17191,16528
17193,13848
17203,38365
17055,38825
17071,6866
17109,31242
17111,306816
17113,172081
17139,14407
17145,18847
17149,15409
17151,4178
17161,143569
17163,258591
17173,21713
17185,11491
17019,205992
17013,4818
17035,10773
17053,13062
17085,21888
17089,526131
17093,122623
17101,14017
17009,4809
17121,37607
17123,11660
17125,13698
17075,28018
17021,31656
17025,13227
17059,5226
17077,58476
17133,33471
17143,183888
17181,17116
17201,284338
17147,16386
17153,5685
17169,7103
17175,5451
17045,17320
17005,15779
17007,53247
17011,33253
17015,14535
17029,51845
17033,17334
17083,21860
17155,5763
17039,15900
17051,20167
17103,31602
17107,25981
17117,45434
17159,15750
17165,23957
17189,14052
17135,25244
17195,55940
17001,65509
17027,35491
17037,103721
17047,6538
17079,9547
17081,35819
17183,76608
17197,680356
17199,65458
17023,15699
17041,19665
17049,33765
17057,33129
17061,13022
17065,8179
17069,4080
17073,48907
17087,10612
17095,48604
17097,689014
17105,34348
17127,14363
17171,5059
17179,132156
17017,12727
17187,17230
18105,143445
18045,16430
18039,200465
18149,22955
18025,10532
18017,37521
18055,32132
18097,929787
18177,65748
18053,66755
17099,108005
18021,25958
18063,155413
18037,41577
18047,22750
18059,72176
18071,43125
18067,81532
18115,5860
18119,20801
18121,15620
18135,24840
18183,33097
18007,8599
18013,14875
18023,31850
18133,34443
18161,7168
18175,27533
18027,32308
18029,49016
18065,45400
18083,36959
18093,45029
18095,124831
18123,17575
18125,12250
18131,12636
18129,25357
18151,34207
18171,8182
18165,15437
18179,27221
18043,75442
18003,364079
18031,26154
18035,114544
18103,33829
18077,30590
18079,27599
18081,147386
18109,68698
18051,33011
18111,13840
18117,19371
18141,266134
18085,78008
18099,46257
18155,10514
18163,179469
18009,12054
18015,19882
18143,23334
18061,39182
18069,36082
18091,102536
18169,30840
18181,23989
18073,33093
18075,20901
18101,10015
18127,165816
18145,43651
18137,27900
18147,20394
18153,18838
18159,15107
18157,184375
18167,103558
18173,60870
18057,308195
18033,42171
18087,38548
18005,80159
18139,16580
18011,62385
18049,20081
18089,485186
18107,37742
18113,46634
18001,34582
18019,113268
18041,23090
19055,17160
19101,17790
19185,6303
19005,13625
19113,218065
19163,169756
19049,80343
19141,13733
19011,25398
19023,14554
19061,95282
19071,6865
19079,15004
19151,6815
19173,6115
19175,12359
19177,7249
19195,7398
19159,4785
19003,3716
19001,7051
19009,5566
19037,12004
19039,9126
19051,8723
19059,16817
19093,6838
19103,142813
19107,10102
19135,7779
19171,16862
19179,34971
19167,34293
19069,10178
19025,9051
19027,20072
19031,18134
19033,42521
19067,15687
19073,8932
19083,16685
19115,11103
19117,8464
19119,11575
19189,10321
19147,8906
19165,11554
19007,12431
19087,18717
19095,15965
19099,35189
19145,14386
19191,20313
19157,18132
19155,92190
19127,39585
19043,17483
19015,25813
19017,24407
19021,20099
19089,9136
19063,9396
19077,10542
19081,10814
19091,9475
19121,15538
19125,32880
19183,21773
19197,12684
19029,13069
19035,11215
19047,16939
19057,39381
19065,19797
19085,13948
19109,14920
19129,14731
19133,8635
19139,42422
19143,6054
19153,462472
19187,35229
19169,95168
19193,101406
19013,131715
19075,12198
19097,19216
19105,19294
19111,33849
19131,10448
19137,10042
19181,48032
19161,9750
19123,22072
19149,24731
19019,20844
19041,16136
19045,47116
19053,7996
20183,3631
20067,7645
20085,13185
20095,7445
20109,2749
20021,20287
20131,9824
20149,22632
20209,161957
20015,63864
20027,7944
20105,3055
20169,54446
20191,22853
20195,2819
20197,6820
20205,8727
20207,3169
20123,6079
20135,2950
20141,3583
20005,16289
20011,14482
20055,36868
20075,2621
20097,2454
20103,72021
20177,175061
20181,5902
20187,2079
20193,7734
20119,4171
20125,32940
20127,5525
20151,9440
20153,2481
20163,4949
20003,7734
20025,2031
20053,5440
20061,29856
20077,5595
20057,34157
20167,6867
20111,32903
20117,9699
20145,5699
20001,12546
20023,2642
20033,1663
20035,34525
20049,2541
20063,2584
20059,25420
20079,34049
20083,1840
20089,2932
20093,3868
20159,9661
20185,4131
20113,28121
20139,15683
20071,1180
20031,8224
20037,38465
20051,28655
20073,6128
20099,20228
20107,9541
20173,504644
20175,22750
20157,4610
20065,2532
20091,574871
20045,117121
20179,2471
20121,32390
20069,5919
20199,1571
20017,2569
20189,5630
20201,5435
20203,2130
20019,3368
20129,2847
20137,4720
20155,60842
20009,26652
20029,8951
20043,7666
20047,2849
20081,4024
20101,1694
20165,3051
20171,4884
20115,11720
20133,16001
20013,9664
20143,5869
20147,5345
20161,68618
20007,4864
20039,2808
20041,18773
20087,18597
21097,18424
21031,12521
21223,8674
21061,11969
21105,4463
21023,8296
21143,6895
21179,44838
21231,20408
21135,13421
21155,18573
21221,14215
21239,25675
21015,126397
21131,10376
21113,51100
21121,31073
21127,15735
21133,22833
21139,9229
21145,64106
21195,60871
21211,44672
21235,35396
21005,21912
21027,19719
21071,36943
21073,49196
21117,162466
21147,16203
21151,87531
21153,12658
21169,9891
21189,4422
21205,24171
21213,17536
21217,25008
21049,35343
21219,12137
21039,4821
21041,10411
21053,10055
21065,14260
21077,8542
21079,17123
21089,35605
21069,14515
21037,90204
21043,27077
21063,6294
21081,24372
21111,756073
21123,13821
21141,26559
21161,16858
21167,21209
21191,14433
21201,2099
21207,17563
21215,17887
21229,11873
21011,12099
21007,8034
21009,42693
21021,28415
21087,10924
21091,8653
21095,27072
21159,10748
21093,102841
21137,24178
21149,9265
21171,10510
21183,23720
21197,12096
21225,14748
21233,12851
21033,12629
21035,38206
21045,15462
21047,63103
21059,97254
21085,25803
21101,45303
21103,15598
21107,44962
21109,13261
21125,59108
21157,30628
21163,27457
21173,27222
21181,6964
21185,60638
21187,10628
21203,16524
21209,52042
21227,122496
21003,20433
21017,19795
21019,46524
21029,78282
21055,8952
21067,309986
21075,5841
21115,22595
21119,15525
21165,6306
21175,11636
21177,30321
21193,26713
21199,63214
21237,7119
21051,19352
21001,19031
21013,26625
21025,13134
21057,6656
21083,36866
21099,18265
21129,6087
23009,54028
23017,56902
23015,33533
23027,39073
23019,150671
23021,16824
23001,106275
23003,67685
23029,31231
23005,285941
23013,38577
23023,35015
23031,199598
23011,119783
23007,30019
23025,50499
22113,59402
22089,52057
22057,97260
22029,18164
22107,4753
22125,12074
22053,30901
22093,21275
22043,18907
22051,433725
22011,35941
22013,13478
22015,119547
22023,6779
22037,16358
22095,42910
22075,22467
22073,150783
22079,129374
22117,44595
22097,82485
22105,128049
22001,61694
22101,51764
22123,10683
22103,246763
22111,22046
22021,9443
22017,246699
22035,4991
22005,118306
22055,236010
22039,32192
22045,72549
22061,46893
22087,44760
22091,10367
22119,39092
22121,24763
22031,26970
22047,29690
22081,8586
22063,136051
22067,25514
22069,38338
22071,382251
22109,111739
22025,9017
22019,196471
22027,14313
22041,19059
22009,37485
22007,22676
22049,14713
22033,443233
22077,22144
22083,19793
22099,53363
22115,46516
22127,12833
22085,23761
22003,21250
22065,9978
25025,773850
25001,211589
25007,17167
25017,1567310
25003,125512
25005,550584
25013,463854
25023,502122
25009,768666
25011,70141
25021,685970
25027,806244
25015,159836
25019,10857
24047,50884
24510,610390
24039,21825
24041,37054
24025,247295
24001,67219
24027,309281
24033,898512
24003,543507
24005,820479
24021,243766
24009,89636
24023,29037
24029,19316
24031,1030760
24013,165274
24035,48540
24037,108087
24017,152781
24019,31971
24043,141198
24045,100725
24015,101361
24011,32405
26021,153834
26129,20680
26135,8259
26165,32681
26039,13633
26037,76718
26043,25359
26057,37029
26063,31373
26065,284407
26091,95362
26105,28496
26109,23086
26117,60500
26113,14875
26149,60356
26147,158541
26159,74699
26161,356361
26011,15095
26015,59258
26027,51274
26071,11006
26019,17273
26143,23717
26153,8004
26163,1751580
26023,41414
26055,89528
26075,151193
26097,10739
26049,408548
26009,22964
26061,35905
26093,186088
26069,24993
26085,11323
26101,23191
26119,9189
26141,12714
26051,25149
26077,257882
26107,42952
26103,65202
26123,47376
26133,22961
26137,24057
26025,132656
26031,25152
26095,5393
26081,632099
26099,857360
26145,190465
26155,68206
26013,6746
26017,104405
26029,25894
26045,107901
26041,36001
26053,14144
26047,32649
26033,34430
26115,148683
26005,113378
26125,1235853
26059,45501
26003,8268
26121,167878
26127,26144
26089,21414
26087,86704
26035,30258
26151,41212
26083,2129
26073,70040
26131,6009
26139,278888
26157,52721
26001,10317
26007,28378
26067,60417
26079,17306
26111,82891
27167,6252
27125,3995
27001,15658
27027,61544
27043,13679
27101,8284
27045,20478
27067,41915
27075,10406
27119,30971
27133,9199
27135,15347
27143,14761
27155,3270
27165,10805
27005,33166
27053,1215746
27011,4914
27015,24904
27023,11852
27021,28565
27029,8726
27049,45330
27057,20636
27059,38272
27063,9983
27091,19869
27099,38978
27105,21565
27115,27445
27109,149834
27033,11246
27139,139907
27039,20347
27157,21311
27117,9073
27035,62776
27107,6460
27171,130369
27103,33280
27041,36494
27051,5877
27069,4247
27079,27649
27087,5468
27025,52907
27127,15166
27173,9762
27153,24244
27007,45331
27013,65163
27055,18497
27073,6720
27077,3788
27111,57121
27161,17788
27137,197117
27003,342522
27145,154153
27037,412826
27081,5558
27083,25490
27089,9334
27095,25179
27129,14502
27163,247714
27017,34371
27031,5230
27065,15801
27071,12606
27093,22799
27097,32542
27113,13991
27131,62714
27147,36230
27141,90017
27159,13332
27009,38826
27019,98533
27047,30158
27061,44429
27085,35548
27121,10753
27123,533696
27149,9674
27151,9321
27169,50486
28045,46072
22059,13529
28125,4531
28139,21892
28019,8243
28035,75208
28057,23212
28071,52240
28055,1046
28059,139838
28087,57746
28083,29613
28143,10156
28157,8027
28021,9052
28047,193081
28065,11531
28127,26635
28075,75234
28085,33975
28123,28149
28159,18074
28163,23438
28007,18426
28009,8234
28037,7693
28027,24009
28061,16455
28067,67585
28147,14535
28095,35523
28115,30829
28133,23227
28155,9783
28003,36753
28001,29135
28025,19729
28033,172433
28031,18927
28053,8591
28013,14429
28051,18113
28005,12470
28089,101092
28091,24698
28141,19241
28153,20336
28041,10482
28093,34688
28119,7376
28011,32422
28073,59764
28081,83914
28113,39154
28135,10653
28129,16028
28131,17352
28149,47059
28023,16035
28069,9557
28097,10186
28105,49024
28099,29025
28109,54137
28079,22216
28103,10743
28121,144422
28137,27857
28151,47575
28077,12648
28107,34024
28111,11962
28161,12241
28017,17021
28015,10062
28029,28599
28039,23091
28043,21023
28049,240702
28063,7018
28101,21267
28145,27957
28117,25105
29091,39727
29035,6221
29057,7444
29115,12156
29101,50163
29105,35130
29125,8850
29161,44040
29165,95953
29187,59613
29510,310171
29003,17156
29023,42166
29033,8818
29061,8097
29087,4384
29103,3905
29181,13750
29127,28031
29139,11292
29151,13472
29207,29208
29219,33380
29221,23855
29007,23867
29043,82583
29063,9060
29077,282952
29081,8397
29107,32169
29185,9144
29001,25129
29197,4398
29199,4786
29211,6239
29029,44391
29045,6714
29097,117521
29099,220994
29111,9883
29119,22584
29143,17674
29157,18824
29167,30941
29173,10145
29177,22593
29209,31200
29179,6216
29189,987505
29201,38369
29009,35100
29011,11822
29019,173247
29039,13721
29051,72770
29055,24074
29073,14507
29093,9953
29117,13830
29121,15047
29135,14549
29149,10653
29155,17170
29159,41611
29186,17676
29203,8207
29175,22953
29067,13275
29069,30233
29071,101627
29083,21577
29089,10019
29095,681702
29109,37556
29131,24636
29169,39627
29171,4788
29213,53887
29215,24269
29021,86315
29025,8853
29027,42166
29037,101062
29049,20026
29053,16047
29059,16240
29075,6535
29085,9273
29113,54290
29133,12182
29137,8572
29145,57590
29153,9273
29163,16253
29183,383181
29129,3612
29123,12042
29229,18111
29047,234562
29217,20180
29065,15389
29195,22549
29147,21906
29227,1996
29041,7363
29079,9936
29141,19735
29223,13239
29017,12262
29031,76859
29205,5870
29225,36636
29005,5248
29013,16098
29015,18717
30017,11674
30041,16337
30015,5766
30103,790
30071,4098
30075,1579
30053,19068
30067,15909
30085,10988
30005,6550
30051,2224
30097,3623
30083,11405
30099,5976
30079,1307
30101,4389
30035,13551
30025,2856
30019,1760
30095,9296
30037,747
30045,1965
30093,33928
30023,8535
30043,11458
30039,3178
30055,1707
30107,2076
30057,7842
30087,9213
30091,3519
30011,1298
30021,9011
30003,13160
30007,5711
30047,29358
30049,65677
30073,6012
30111,154062
30063,113621
30081,41146
30105,7448
30013,78089
30027,11146
30033,1086
30061,4140
30069,453
30077,5244
30089,11284
30109,1096
30031,100355
30059,1975
30009,10380
30001,9233
30029,95564
30065,4733
31069,1861
31091,658
31123,4741
31127,6930
31159,16761
31171,643
31043,20314
31181,3517
31003,6310
31029,3734
31023,7934
31035,6165
31005,421
31041,10714
31061,2956
31067,21332
31081,9010
31115,537
31095,7164
31099,6474
31101,8068
31119,34438
31135,2867
31137,8928
31155,20683
31157,35917
31179,9375
31103,720
31105,3627
31107,8277
31111,35153
31121,7715
31139,7041
31165,1256
31021,6446
31025,25028
31039,8890
31051,5683
31057,1978
31075,680
31077,2409
31079,60427
31085,957
31131,15632
31145,10616
31027,8412
31045,8896
31097,3995
31033,9914
31047,23641
31071,1913
31117,432
31125,3472
31133,2666
31167,5978
31175,4208
31183,846
31083,3418
31185,13172
31009,502
31019,48238
31037,10531
31049,1882
31087,2823
31113,919
31141,32585
31143,5150
31169,4985
31013,11037
31017,3013
31001,31285
31161,5176
31109,301968
31011,5255
31129,4237
31149,1343
31007,728
31063,2616
31163,2986
31055,543154
31147,7899
31093,6378
31089,10130
31065,4731
31073,1983
31151,14043
31153,171101
31173,7005
31177,20234
31015,2022
31031,5740
31053,36025
31059,5374
33005,75355
33013,144508
33009,88326
33015,300188
33001,59629
33019,42581
33011,402033
33017,125124
33007,30072
33003,47059
32001,23152
32005,47330
32015,5845
32027,4714
32009,1097
32011,1723
32013,16871
32021,4399
32033,8381
32007,51729
32017,4696
32023,42853
32029,3860
32031,442940
32003,2088806
32510,52287
32019,52010
34025,623613
34021,367599
34037,142397
34011,143496
34035,330448
34013,788754
34029,584418
34001,270265
34015,290110
34023,828230
34033,62626
34031,506947
34009,92434
34007,505446
34003,931733
34039,552755
34041,106181
34017,675541
34019,121490
34005,434992
34027,494902
35045,126898
35037,8404
35027,19346
35005,64465
35025,67623
35049,145821
35059,3601
35051,11005
35053,17002
35041,18717
35028,17947
35039,39215
35047,27631
35035,59882
35061,74349
35057,14921
35001,667841
35006,25336
35011,1989
35019,3783
35003,3539
35023,4351
35029,23948
35031,72505
35043,137964
35055,32624
35017,27951
35009,47717
35007,12012
35015,56148
35021,544
35033,4605
36095,31535
36005,1434422
36067,462658
36035,53200
36019,76759
36099,32036
36083,158043
36079,98891
36033,46282
36043,62282
36069,108600
36081,2324280
36101,96379
36041,4612
36115,59170
36013,128249
36047,2623350
36061,1643228
36107,48942
36011,74877
36073,38971
36091,223481
36087,322811
36021,59819
36049,26485
36063,210660
36119,962824
36025,45478
36031,35897
36057,48717
36059,1353154
36085,471955
36089,107198
36097,17876
36109,103532
36113,64154
36017,48177
36023,47867
36027,287723
36045,104191
36055,741530
36065,224652
36103,1483523
36111,175816
36121,37617
36015,83346
36051,61781
36075,119166
36077,60089
36039,44874
36117,90522
36001,304767
36003,46918
36007,193241
36009,77388
36029,912268
36053,71200
36093,153486
36105,73419
36037,58079
36123,24730
36071,369083
37165,33477
37189,53092
37083,50897
37001,156660
37177,3480
37079,18864
37087,59410
37121,15036
37041,14100
37005,10812
37027,80979
37035,154701
37045,96786
37049,95058
37065,53260
37077,55754
37085,122560
37093,48448
37089,111062
37095,4853
37097,168622
37119,1028876
37131,19632
37147,175431
37159,136570
37181,43979
37039,27175
37053,24904
37179,221079
37193,67722
37067,365252
37127,92801
37003,35923
37017,33803
37055,35239
37031,67074
37185,19271
37195,80308
37015,18658
37073,11518
37075,8493
37117,23075
37115,21114
37137,12134
37143,13354
37149,20148
37151,141584
37157,90460
37169,45675
37187,12141
37029,10218
37043,10716
37051,300902
37071,212011
37081,513206
37099,41452
37125,91293
37139,38101
37155,132407
37167,59526
37173,14026
37183,1015242
37199,17427
37007,23748
37037,67647
37111,44180
37069,62896
37101,184634
37103,9686
37113,33954
37145,38813
37019,121634
37175,32816
37009,26594
37013,46957
37047,53778
37107,56794
37109,79907
37123,26500
37133,153922
37135,141148
37153,44066
37161,65620
37163,63040
37171,71514
37197,37534
37011,15412
37021,248611
37023,86617
37025,195309
37033,21970
37059,41422
37057,162246
37061,58894
37063,295299
37091,22145
37105,58597
37129,217425
37141,56059
37191,120019
38013,2251
38061,9901
38097,7861
38105,32554
38007,983
38021,4902
38043,2453
38019,3719
38101,65462
38037,2338
38049,5869
38067,6862
38091,1915
38005,6861
38041,2439
38045,4034
38059,29494
38017,169233
38025,4295
38029,3334
38051,2571
38063,2891
38077,16177
38079,14539
38099,10736
38001,2316
38009,6483
38003,10775
38027,2248
38035,67954
38053,11594
38057,8514
38055,9419
38069,4093
38073,5259
38075,2474
38085,4381
38011,3165
38015,90369
38033,1836
38047,1856
38065,1817
38095,2229
38093,20157
38071,11098
38023,2295
38031,3243
38039,2179
38081,3844
38083,1403
38087,674
38089,29932
38103,3998
39053,29822
39077,57967
39099,227056
39009,64883
39001,27656
39145,74052
39103,175201
39105,23031
39159,51476
39021,38525
39131,27954
39125,18845
39057,160786
39061,800780
39049,1245449
39087,60474
39101,59921
39115,14589
39157,91574
39169,114790
39175,21928
39015,43252
39017,372296
39043,74420
39067,15136
39083,60352
39089,169335
39139,114868
39163,13065
39019,27540
39063,74673
39025,200864
39045,148789
39039,38007
39071,42611
39069,27056
39081,66602
39133,161013
39137,33778
39013,65032
39027,41542
39047,28227
39127,35728
39129,52578
39091,44989
39097,38792
39153,536137
39119,85105
39143,58686
39149,48565
39161,27985
39167,60177
39171,35876
39011,45256
39029,101017
39037,51295
39123,40364
39051,41902
39065,31383
39079,32289
39095,428267
39117,34670
39121,11973
39135,40991
39147,54607
39151,369531
39003,101696
39031,36206
39033,41665
39041,192150
39055,93218
39059,38938
39073,27897
39085,227606
39107,40331
39141,71395
39023,133707
39035,1242429
39075,42998
39093,298973
39109,103188
39111,14095
39113,523788
39155,199734
39165,216797
39173,128164
39005,52713
39007,95570
40001,22006
40133,24787
40137,43669
40025,2197
40011,8178
40019,47753
40029,5598
40053,4375
40055,4986
40073,15350
40087,37598
40091,19577
40095,15974
40099,13411
40103,11325
40105,10254
40115,31274
40131,89050
40135,40984
40145,76551
40003,4830
40151,8512
40015,28419
40027,268406
40101,66591
40107,11177
40005,12255
40013,44611
40043,4801
40059,3824
40071,44496
40083,44956
40035,13817
40143,632310
40147,51477
40017,131086
40057,2655
40061,12686
40077,10424
40111,38447
40113,45964
40139,21285
40067,6126
40127,11013
40047,60342
40049,27502
40069,10911
40121,42801
40123,37829
40129,3715
40153,20142
40021,47972
40041,41497
40045,4060
40051,53846
40119,79490
40125,69464
40037,70086
40141,7237
40149,11292
40033,5858
40075,8933
40079,48731
40089,32623
40093,7636
40097,40487
40109,761515
40039,28686
40007,5361
40085,9758
40009,21284
40063,11894
40023,14804
40065,24107
40031,110771
40081,34384
40117,16286
41047,323937
41029,210868
41019,106896
41023,7087
41031,21943
41053,79298
41005,398339
41017,174746
41043,120409
41057,25201
41071,100149
41001,15491
41033,83876
41035,65424
41059,72331
41041,46983
41003,87986
41009,49946
41013,21644
41055,1634
41065,25272
41025,7090
41039,361882
41045,27073
41063,6763
41067,568631
41069,1412
41049,11143
41007,37244
41011,62058
41015,22226
41021,1906
41027,22852
41037,7274
41051,783195
41061,25572
44005,79839
44003,162788
44007,624252
44001,48386
44009,125258
42045,555828
42055,151587
42119,39522
42127,48066
42009,48407
42043,270039
42053,2901
42111,70780
42089,166303
42101,1555692
42133,437185
42129,353333
42013,123288
42015,60936
42021,132115
42029,509840
42011,410592
42061,41754
42063,85107
42073,87203
42087,45853
42125,205980
42041,239154
42003,1215219
42103,55290
42109,40254
42115,41421
42039,85418
42049,272099
42057,14594
42067,24203
42107,137432
42131,27511
42001,100343
42005,66207
42035,38733
42025,63160
42027,156272
42097,89131
42095,298131
42023,4715
42121,52137
42007,166757
42017,620739
42069,208088
42077,355811
42083,40024
42051,129734
42031,38353
42091,804641
42033,75111
42059,34890
42075,135907
42081,112226
42079,310400
42093,17682
42123,39658
42037,65871
42019,183979
42047,30450
42065,43723
42071,530084
42085,109671
42099,45351
42105,16832
42113,5995
42117,41133
45003,163863
45005,8262
45071,37478
45037,23993
45023,32248
45027,32608
45029,36858
45067,31641
45085,103229
45063,278820
45073,75390
45011,21485
45015,199002
45019,380893
45031,66826
45043,60500
45069,24436
45091,250153
45007,192782
45021,56233
45025,45699
45047,68853
45053,26917
45051,308646
45055,63314
45061,16310
45075,88419
45083,293493
45001,24567
45009,14692
45013,171558
45017,14693
45033,30739
45081,19971
45079,381029
45039,22565
45049,18619
45045,485740
45057,84630
45035,148945
45041,136996
45059,65244
45065,8445
45077,120761
45087,27282
45089,30477
46003,2608
46051,7092
46123,5346
46071,3228
46099,180940
46033,8219
46069,1334
46025,3579
46049,2266
46067,7035
46077,4913
46129,5352
46017,2048
46027,13713
46037,5364
46041,5664
46043,2843
46063,1261
46065,16522
46089,2270
46109,10061
46111,2303
46119,1390
46083,52863
46059,3249
46079,12205
46081,24763
46135,21269
46029,27642
46005,17847
46019,10076
46031,4177
46035,19415
46045,3859
46021,1443
46073,1992
46007,3400
46055,2047
46117,2994
46075,740
46093,25767
46107,2238
46125,8086
46013,38089
46023,9069
46061,3402
46087,5369
46091,4693
46095,2026
46101,6440
46105,2920
46103,105356
46121,9985
46127,14800
46097,2211
46085,3856
46137,2837
46039,4216
46115,6347
46009,5557
46015,5121
46011,33558
46047,6567
46053,4156
46057,5757
47017,27646
47023,16966
47039,11444
47037,671589
47087,11388
47109,25601
47135,7736
47145,52261
47011,102666
47121,11708
47063,62687
47075,17708
47083,7983
47119,86444
47173,19008
47071,25398
47125,178128
47043,50838
47129,18782
47061,13179
47123,45185
47079,31806
47029,34979
47033,14342
47041,19143
47095,4871
47093,448739
47101,11725
47107,51800
47117,31417
47131,30243
47143,32102
47151,21619
47167,60611
47001,74641
47045,37227
47049,17709
47053,48088
47065,350600
47069,22096
47105,50654
47139,16488
47149,296123
47159,19058
47185,25982
47189,127842
47163,154897
47171,17481
47177,39705
47179,124652
47183,33341
47005,16002
47007,13234
47013,39285
47015,13653
47031,53471
47047,38844
47067,6440
47073,55776
47091,15947
47103,33191
47111,22892
47127,6195
47147,67688
47051,41048
47009,125993
47021,39386
47019,55450
47057,22795
47055,28614
47097,23619
47099,42143
47113,96630
47115,27992
47133,21715
47137,4983
47165,174148
47181,14687
47169,8684
47187,211662
47003,46458
47027,7591
47059,67319
47035,57531
47157,925195
47175,5573
47025,30973
47077,27562
47081,22982
47085,18064
47089,51964
47141,74695
47153,14423
47155,94605
47161,13023
48199,55503
48207,4986
48227,31487
48289,16865
48333,4716
48337,19080
48351,13986
48365,23336
48389,12341
48403,10336
48421,3027
48437,6891
48231,89490
48063,12606
48195,5453
48187,148797
48077,10295
48205,4283
48217,34422
48293,22556
48347,64597
48369,9784
48367,124149
48377,7191
48465,46436
48109,2248
48135,154456
48169,4797
48173,1420
48185,23840
48453,1169148
48085,911167
48005,85494
48087,2958
48101,1498
48209,193130
48279,13156
48295,3447
48301,74
48321,36298
48371,13716
48395,16522
48397,89661
48401,48169
48441,130082
48447,1530
48455,14363
48471,55328
48499,42388
48019,21125
48007,24416
48075,5745
48079,2899
48081,3132
48091,127955
48099,58228
48211,4101
48225,19679
48341,21821
48349,47450
48375,114375
48405,8152
48415,15835
48417,3322
48427,62893
48433,1029
48461,3515
48021,78172
48049,36768
48191,3039
48025,25162
48159,10535
48163,15933
48103,4732
48281,20019
48307,8003
48319,4111
48125,2082
48287,16362
48439,1967683
48001,44367
48139,162784
48239,14510
48265,49833
48331,23977
48093,13279
48145,15547
48047,6709
48015,29021
48261,564
48355,353545
48089,20568
48409,66062
48379,11180
48381,129640
48385,3262
48411,5182
48413,3122
48431,1098
48507,11926
48057,21606
48065,5997
48155,1377
48161,17995
48175,7385
48193,7976
48197,3979
48335,6353
48449,32409
48045,1591
48285,19394
48291,73111
48445,11602
48497,62217
48143,40492
48039,334943
48345,1114
48129,3365
48013,47655
48083,8382
48353,14797
48229,3116
48325,46087
48475,11375
48213,78709
48203,65852
48327,2070
48277,48753
48149,24504
48491,504499
48267,4373
48317,5477
35013,210417
46102,14272
48373,43531
48391,7116
48467,52941
48055,38735
48487,12790
48383,3698
48501,8481
48189,32742
48419,25497
48387,12139
48399,10041
48407,27289
48435,3874
48451,112051
48459,39952
48469,90445
48473,48192
48481,41070
48485,116552
48493,46503
48033,602
48219,23073
48315,9997
48323,57072
48329,158620
48181,124699
48297,10509
48299,19985
48363,27826
48147,30882
48255,12462
48123,18636
48041,210275
48059,13569
48067,29687
48165,19774
48183,121202
48179,21392
48313,9894
48303,293628
48237,7666
48257,113768
48259,39829
48035,17584
48153,5908
48029,1861276
48017,6920
48071,39077
48023,3526
48027,315444
48061,417802
48121,776789
48361,83143
48233,21569
48477,34000
48343,12381
48429,8801
48495,7679
48201,4504029
48003,17478
48053,44582
48171,25538
48177,20264
48113,2532552
48305,5754
48311,600
48503,17861
48505,14378
48251,157616
48221,54684
48223,35468
48309,241367
48357,10419
48269,289
48275,3608
48073,49083
48095,2587
48119,5099
48137,2100
48133,18001
48253,12740
48243,2173
48247,5235
48249,40901
48339,532016
48111,7168
48127,10713
48479,267399
48157,706155
48011,1861
48069,7798
48235,1588
48273,30869
48489,20143
48097,38565
48107,5809
48115,11336
48151,3853
48131,10935
48051,17413
48031,10978
48241,34511
48245,240730
48271,3311
48359,1526
48117,18733
48167,316262
48141,809637
48283,6511
48393,889
48443,721
48457,18722
48463,26603
48483,5528
48037,88253
48009,8725
48043,9135
48263,633
48215,831048
48423,219907
48425,8448
48105,3757
49027,12507
49045,62937
49053,154159
49025,7169
49043,39599
49019,9478
49031,1826
49033,2302
49051,29135
49001,6347
49003,51771
49021,48077
49039,26303
49041,20614
49049,573027
49057,241225
49013,19892
49037,14938
49035,1098968
49047,35993
49009,581
49011,331753
49055,2672
49007,20310
49015,10355
49029,11014
49005,119544
49017,4814
49023,10558
50021,59102
50019,26283
50013,6946
50017,28820
50007,159670
50015,25115
50027,54714
50011,48369
50005,30184
50025,42900
50003,35608
50001,36578
50009,6203
50023,58211
51036,7009
51047,48449
51053,27716
51079,19011
51085,102592
51111,11423
51137,34728
51595,5278
51197,28845
51550,223040
51570,17440
51660,52322
51003,103506
51021,5729
51019,76915
51023,32858
51029,15071
51195,37390
51520,16899
51580,5496
51740,91055
51830,14604
51810,425182
51005,15238
51035,29618
51640,6515
51191,53690
51193,17418
51133,12254
51139,23490
51155,33251
51187,38640
51510,151720
51590,40766
51630,27936
51650,130988
51009,31639
51013,225319
51017,4392
51670,21987
51027,21666
51700,171249
51069,82671
51179,135615
51680,77742
51199,63621
51760,218218
51690,12867
51125,14812
51057,11006
51143,60872
51720,3987
51790,23668
51065,24860
51007,12706
51750,17279
51840,27284
51001,32470
51045,5114
51063,15479
51071,16756
51077,15069
51135,14131
51157,7347
51185,41458
51530,6410
51610,13780
51685,16074
51730,31078
51735,11800
51183,7015
51600,23005
51820,21481
51683,41293
51770,98290
51775,24722
51800,85835
51710,218544
51037,12039
51041,333209
51059,1128951
51081,8497
51093,35592
51095,71521
51167,27496
51620,8217
51173,30741
51540,46110
51678,5640
51031,54688
51087,321871
51089,51381
51099,25132
51109,34716
51101,16276
51103,10757
51105,22891
51115,8753
51119,10368
51147,21937
51149,32782
51159,7153
51165,78289
51169,21586
51177,129423
51181,6670
51011,15386
51043,14152
51067,55925
51097,7052
51117,30051
51121,97058
51127,19979
51015,70859
51049,9785
51051,14726
51075,20993
51083,34329
51107,372353
51113,12931
51153,442944
51161,91796
51175,16591
51091,2213
51025,14661
51033,27795
51073,36422
51131,11703
51141,17670
51145,25757
51163,22242
51171,42467
51061,68002
54033,67830
54069,42314
54085,9947
54013,7427
54065,17344
54043,21181
54081,74497
54007,14003
54079,56260
54001,16627
54005,23118
54047,18103
54099,40917
54109,22053
54035,28947
54055,60532
54097,24425
54101,8581
54003,111091
54019,43454
54023,11567
54027,22924
54089,12223
54009,22835
54017,7934
54025,34922
54031,13754
54049,56202
54057,27194
54059,25066
54029,29678
54041,16216
54051,31626
54067,25357
54075,8293
54093,6858
54095,8873
54083,27365
54087,14254
54091,16544
54105,5800
54107,85505
54015,8853
54021,6951
54053,26359
54061,102154
54063,13401
54073,6965
54103,15693
54011,94638
54037,55320
54039,186020
54045,33884
54071,6966
54077,31138
53047,40865
53037,43293
53067,263479
53005,189040
53013,3941
53011,454847
53003,22065
53001,19040
53023,2203
53045,60400
53057,120489
53065,43591
53063,481783
53043,10233
53007,74493
53031,29748
53035,244971
53033,2104848
53049,20699
53051,12954
53055,16171
53059,11459
53075,47532
53077,245349
53009,72516
53015,102583
53019,7495
53039,21130
53041,75155
53017,40443
53027,68514
53029,74912
53053,822539
53069,4060
53021,87039
53071,56631
53025,92914
53073,211156
53061,762452
56005,47651
56023,18684
56019,8499
56025,79886
56021,93741
56009,14112
56027,2171
56039,22865
56037,44244
56031,8596
56033,29498
56003,11686
56011,7281
56029,29039
56001,37737
56007,14874
56015,13104
56041,20575
56043,8090
56017,4663
56013,39700
56035,10016
56045,6758
55105,159873
55119,20130
55137,22996
55001,18996
55007,14903
55065,16667
55081,44469
55093,40959
55141,72797
55003,15560
55015,49565
55037,4297
55055,84133
55059,165980
55051,5642
55019,34030
55109,86320
55083,37205
55069,27430
55135,50177
55005,44788
55113,16101
55047,18554
55099,13376
55077,14997
55075,40217
55079,947277
55101,190815
55139,164505
55033,43932
55041,8834
55045,36515
55043,50611
55107,14077
55115,40565
55117,112857
55067,18974
55078,4462
55087,181919
55123,30075
55011,13163
55021,55411
55061,20248
55063,116244
55009,255051
55035,101687
55073,134234
55085,34844
55095,42885
55121,29112
55129,15457
55133,394253
55027,83556
55127,102212
55125,21288
55023,15616
55057,24801
55071,79237
55111,62624
55131,133151
55013,15098
55017,61142
55025,518927
55029,27124
55031,42909
55039,100380
55053,19443
55049,23400
55091,7185
55089,87307
55097,70079
55103,17490
